Date,TMax,TMin,ET,Prec,MD
2005-01-01,2,-0.6,0.2775,0,0.2775
2005-01-02,2.2,-5,0.4221,0,0.4221
2005-01-03,0.9,-7,0.4211,0,0.4211
2005-01-04,3.9,-2.7,0.4384,0,0.4384
2005-01-05,2.1,-6.2,0.461,0,0.461
2005-01-06,0.3,-5.2,0.347,6.8,-1.003
2005-01-07,1,-2.4,0.2972,3.4,0.2972
2005-01-08,0.5,-3.7,0.316,1,0.316
2005-01-09,-0.5,-2.7,0.2495,0,0.2495
2005-01-10,0.6,-9.2,0.4885,0,0.4885
2005-01-11,3,-10.9,0.6701,1,0.6701
2005-01-12,4.6,1.5,0.3497,0.2,0.3497
2005-01-13,2.7,-7.9,0.5725,0,0.5725
2005-01-14,-1.4,-7.2,0.3495,0,0.3495
2005-01-15,-1.8,-9.4,0.3957,3.2,0.3957
2005-01-16,0,-4.7,0.3457,14.8,-7.0043
2005-01-17,10.6,-0.3,0.8266,76.4,-52.7234
2005-01-18,13.6,5.9,0.7733,54.8,-36.5767
2005-01-19,18.1,10,0.941,23.4,-12.859
2005-01-20,12.1,7.7,0.5747,22.4,-12.4753
2005-01-21,12.1,7.8,0.5754,1.2,0.5754
2005-01-22,10.8,9.2,0.4087,28.6,-17.2913
2005-01-23,10.8,9.2,0.4126,28.6,-17.2874
2005-01-24,10.8,9.2,0.4167,28.6,-17.2833
2005-01-25,10,8,0.4316,1,0.4316
2005-01-26,10,8,0.4362,1,0.4362
2005-01-27,12.7,5.6,0.7905,0,0.7905
2005-01-28,12,3.3,0.8628,0.8,0.8628
2005-01-29,10.1,4,0.6828,0.8,0.6828
2005-01-30,8.9,6.6,0.4555,6.6,-0.7445
2005-01-31,12.3,7.1,0.7066,2.4,0.7066
2005-02-01,13.1,6,0.8514,0.4,0.8514
2005-02-02,12.1,4.7,0.8477,3.2,0.8477
2005-02-03,9.5,7.7,0.4564,0,0.4564
2005-02-04,8.2,5.3,0.5071,32.6,-20.1929
2005-02-05,7.1,2.6,0.5803,0,0.5803
2005-02-06,3.8,0.5,0.4554,8.6,-2.2446
2005-02-07,8,-1.4,0.8667,0,0.8667
2005-02-08,8.2,-3.1,0.9696,0,0.9696
2005-02-09,9.4,-1.4,1.0058,0,1.0058
2005-02-10,9.1,-1.3,0.9875,0,0.9875
2005-02-11,12.3,-1.4,1.2958,0,1.2958
2005-02-12,8.2,1.8,0.7754,8.4,-1.7746
2005-02-13,6.9,0.5,0.7458,10.8,-3.6042
2005-02-14,5.6,-1.9,0.7703,4.1,0.7703
2005-02-15,8.3,-3.3,1.0727,0,1.0727
2005-02-16,10.3,-2.6,1.2367,0,1.2367
2005-02-17,13.5,-3.2,1.5992,0,1.5992
2005-02-18,11.9,-2,1.3954,0,1.3954
2005-02-19,10.9,-4.2,1.4137,0,1.4137
2005-02-20,11.7,-0.8,1.3481,0,1.3481
2005-02-21,12.4,-3.3,1.5597,0,1.5597
2005-02-22,13,-2.5,1.6036,0,1.6036
2005-02-23,17.1,1,1.9093,0,1.9093
2005-02-24,17.8,-0.9,2.1205,0,2.1205
2005-02-25,12.4,0.1,1.4587,0,1.4587
2005-02-26,17.1,-1.4,2.1061,0,2.1061
2005-02-27,19.3,-2.1,2.4495,0,2.4495
2005-02-28,13.2,3.3,1.4095,2.6,1.4095
2005-03-01,11.3,7.1,0.9111,12.6,-4.7889
2005-03-02,12.8,6.6,1.1522,2.6,1.1522
2005-03-03,17,3.7,1.911,0,1.911
2005-03-04,13.2,4.4,1.4032,0.4,1.4032
2005-03-05,13.1,4,1.437,0.2,1.437
2005-03-06,14.8,4,1.6696,0,1.6696
2005-03-07,16.9,7.1,1.7378,4,1.7378
2005-03-08,13.1,6.4,1.2994,2.6,1.2994
2005-03-09,17.8,8.7,1.7729,0,1.7729
2005-03-10,20.3,6.6,2.3363,0,2.3363
2005-03-11,15.5,5.5,1.7522,0,1.7522
2005-03-12,17.7,2.4,2.3022,,2.3022
2005-03-13,18.4,2.6,2.415,,2.415
2005-03-14,16.2,0.5,2.2588,0,2.2588
2005-03-15,13,2.9,1.6854,0,1.6854
2005-03-16,8.8,4.3,1.0278,16.8,-7.8222
2005-03-17,10.9,5.4,1.2249,2.4,1.2249
2005-03-18,9.1,4,1.1211,8,-1.1289
2005-03-19,9.6,3.8,1.2206,,1.2206
2005-03-20,12.5,5,1.5362,18.2,-8.3638
2005-03-21,11.4,3.4,1.5338,8.6,-1.1662
2005-03-22,12.5,2.1,1.8071,0,1.8071
2005-03-23,11.5,6.9,1.2406,0,1.2406
2005-03-24,13.5,3.1,1.9133,0,1.9133
2005-03-25,13.1,1.1,2.0225,0,2.0225
2005-03-26,9.5,4.8,1.2004,44.2,-28.1996
2005-03-27,11.6,6.6,1.3453,7.7,-0.6797
2005-03-28,9.2,3.7,1.2941,8.6,-1.4059
2005-03-29,9.4,4.3,1.2761,21,-10.7239
2005-03-30,13.1,4.3,1.8642,0,1.8642
2005-03-31,9.1,5.5,1.1144,15.4,-6.6856
2005-04-01,12.3,4.1,1.7912,9,-1.2088
2005-04-02,9.5,0.1,1.7212,1.6,1.7212
2005-04-03,8.1,5.1,1.0266,19,-9.4734
2005-04-04,12.3,0.4,2.1478,0.4,2.1478
2005-04-05,9.6,4,1.4303,7,-0.0697
2005-04-06,15.2,6.5,2.13,2,2.13
2005-04-07,12.6,7.6,1.5489,17.7,-7.9761
2005-04-08,12.5,2.1,2.1209,0,2.1209
2005-04-09,13.3,0.6,2.3859,0,2.3859
2005-04-10,12.7,2.7,2.1379,5.8,1.5379
2005-04-11,11.3,2.2,1.9685,23.6,-11.9815
2005-04-12,9.8,0.8,1.865,14.8,-5.485
2005-04-13,13,2.6,2.2496,,2.2496
2005-04-14,13,5.4,1.9909,5.2,1.8409
2005-04-15,7.5,4.8,1.0664,,1.0664
2005-04-16,11.6,6,1.6898,,1.6898
2005-04-17,13.5,3.7,2.3047,,2.3047
2005-04-18,15.6,4.4,2.6386,0,2.6386
2005-04-19,18.8,3.2,3.3685,0,3.3685
2005-04-20,20.6,3.9,3.6869,0,3.6869
2005-04-21,19.9,6.3,3.354,0,3.354
2005-04-22,24.3,6.4,4.2884,0,4.2884
2005-04-23,27.4,11.7,4.4729,0,4.4729
2005-04-24,22.4,12.1,3.2912,,3.2912
2005-04-25,22.4,7.7,3.8301,0,3.8301
2005-04-26,21,7.9,3.5294,0,3.5294
2005-04-27,23.5,7.8,4.1077,0,4.1077
2005-04-28,21.8,9.8,3.5315,0,3.5315
2005-04-29,20.6,4.6,3.8325,0,3.8325
2005-04-30,16.4,8,2.6022,0.4,2.6022
2005-05-01,22.2,7.6,3.9305,0,3.9305
2005-05-02,17.2,9.5,2.6035,0.2,2.6035
2005-05-03,17.8,10.5,2.6079,1.4,2.6079
2005-05-04,18.1,9.3,2.8661,,2.8661
2005-05-05,22.3,8.5,3.9375,,3.9375
2005-05-06,19.8,6.4,3.6241,0,3.6241
2005-05-07,17.1,8.9,2.7365,0,2.7365
2005-05-08,16.7,7.6,2.8351,0.6,2.8351
2005-05-09,20.9,11.5,3.2916,3.2,3.2916
2005-05-10,19.2,11.1,2.9495,0,2.9495
2005-05-11,19.4,11.6,2.9332,0,2.9332
2005-05-12,19.1,10.2,3.0878,0,3.0878
2005-05-13,23.5,8.6,4.3566,0,4.3566
2005-05-14,21.2,14,3.0264,5.3,2.8014
2005-05-15,17.5,12.7,2.2807,20.4,-9.2693
2005-05-16,15.5,10.2,2.2453,6.9,0.8203
2005-05-17,17.1,6.6,3.1649,4.3,3.1649
2005-05-18,19.6,9.8,3.3435,13,-2.6565
2005-05-19,16.9,11.1,2.4687,3.4,2.4687
2005-05-20,18.2,9.5,3.0683,14.3,-3.9067
2005-05-21,17.9,8.2,3.1901,2,3.1901
2005-05-22,15.1,10.6,2.1112,0.2,2.1112
2005-05-23,16.4,9,2.7333,4.7,2.7333
2005-05-24,19,7.3,3.5959,0,3.5959
2005-05-25,26.6,7.3,5.449,0,5.449
2005-05-26,31.8,10.3,6.5011,0,6.5011
2005-05-27,31.7,13.5,6.1177,0,6.1177
2005-05-28,29.2,12.5,5.5771,0,5.5771
2005-05-29,20.7,13.2,3.1895,0,3.1895
2005-05-30,20.3,14.1,2.9085,0,2.9085
2005-05-31,16.6,11.7,2.3546,4.6,2.3546
2005-06-01,18.7,10.9,3.0766,4.8,3.0766
2005-06-02,18.5,12.5,2.7369,0,2.7369
2005-06-03,18,11.1,2.869,0,2.869
2005-06-04,18.8,8.4,3.4981,0,3.4981
2005-06-05,13,10.1,1.6935,8.6,-1.0065
2005-06-06,20,9.3,3.6844,0,3.6844
2005-06-07,16.2,8.9,2.7944,3.2,2.7944
2005-06-08,14.1,10.7,1.8857,5,1.8857
2005-06-09,20.3,11.1,3.5081,0,3.5081
2005-06-10,20.2,10.3,3.6099,0,3.6099
2005-06-11,17.4,11,2.7584,13.9,-3.9166
2005-06-12,18,9.9,3.1099,1.6,3.1099
2005-06-13,18.6,10.9,3.1037,1.3,3.1037
2005-06-14,19.1,9.5,3.459,0,3.459
2005-06-15,20.2,7.7,3.9798,0,3.9798
2005-06-16,24.3,13.4,4.2458,0,4.2458
2005-06-17,16,12.8,1.9652,5,1.9652
2005-06-18,19.4,12.5,3.0412,1,3.0412
2005-06-19,23.8,13.7,4.0601,0,4.0601
2005-06-20,28.8,11.7,5.7248,0,5.7248
2005-06-21,27.7,12.6,5.3058,6.8,3.9558
2005-06-22,19.8,14,2.8528,2.6,2.8528
2005-06-23,22.4,9.9,4.255,0,4.255
2005-06-24,23.6,11.1,4.4026,0,4.4026
2005-06-25,22.8,13.6,3.7915,0.8,3.7915
2005-06-26,18.6,10.9,3.1064,1.4,3.1064
2005-06-27,17.8,12.9,2.4917,7.8,0.3917
2005-06-28,19.5,14.5,2.6406,0,2.6406
2005-06-29,22.7,14.3,3.6259,0,3.6259
2005-06-30,23.9,15,3.8384,1.2,3.8384
2005-07-01,19.9,8.8,3.7441,0,3.7441
2005-07-02,21.4,12,3.6529,0,3.6529
2005-07-03,24.2,10.8,4.5662,0,4.5662
2005-07-04,23.7,13.8,3.974,0,3.974
2005-07-05,22.3,12.2,3.8467,6.5,2.7217
2005-07-06,18.4,14.8,2.1906,9,-0.8094
2005-07-07,21.6,9.3,4.0694,0,4.0694
2005-07-08,17.7,13.5,2.2875,13.8,-4.3125
2005-07-09,21.4,12.6,3.5115,1,3.5115
2005-07-10,22.4,9.9,4.1686,3,4.1686
2005-07-11,22.3,13.6,3.5702,1.9,3.5702
2005-07-12,23.1,15,3.532,0,3.532
2005-07-13,23.3,14.8,3.6177,0,3.6177
2005-07-14,25.2,11.3,4.6631,0,4.6631
2005-07-15,18.9,13.5,2.603,3.6,2.603
2005-07-16,21.8,13.8,3.3524,0.8,3.3524
2005-07-17,27.6,12.7,5.0713,0,5.0713
2005-07-18,27.2,13.2,4.8824,0,4.8824
2005-07-19,24.1,13.1,4.0579,0,4.0579
2005-07-20,23.9,11.6,4.211,0,4.211
2005-07-21,28.9,10.3,5.6406,0,5.6406
2005-07-22,25.1,12.8,4.3253,2.1,4.3253
2005-07-23,23.5,13.4,3.8,0,3.8
2005-07-24,24.9,9.3,4.6918,0,4.6918
2005-07-25,26.9,10.5,5.0348,0,5.0348
2005-07-26,28.7,10.9,5.4272,0,5.4272
2005-07-27,29.7,11.8,5.5601,0,5.5601
2005-07-28,27.3,13.9,4.6475,0,4.6475
2005-07-29,26.7,11.6,4.7771,0,4.7771
2005-07-30,28.1,13,4.9376,0,4.9376
2005-07-31,29.2,13.4,5.1499,0,5.1499
2005-08-01,23.9,14.7,3.5609,4,3.5609
2005-08-02,25.3,10.4,4.4959,0,4.4959
2005-08-03,29.7,10.3,5.5669,0,5.5669
2005-08-04,31.7,12.5,5.806,0,5.806
2005-08-05,30.3,11.9,5.4918,0,5.4918
2005-08-06,27.1,13.6,4.4545,0,4.4545
2005-08-07,27.4,13.2,4.56,0,4.56
2005-08-08,27.7,12.3,4.7231,0,4.7231
2005-08-09,25.9,12.8,4.1954,0,4.1954
2005-08-10,20.5,13.6,2.7236,0,2.7236
2005-08-11,23.9,15.7,3.2179,0,3.2179
2005-08-12,28.2,12,4.7795,0,4.7795
2005-08-13,31,12.9,5.3327,0,5.3327
2005-08-14,31.9,13.9,5.4119,0,5.4119
2005-08-15,30.2,14.2,4.9249,0,4.9249
2005-08-16,22.1,14.3,2.9041,0,2.9041
2005-08-17,21.7,14.3,2.7873,18.9,-7.6377
2005-08-18,26.5,12.5,4.1592,0,4.1592
2005-08-19,27.8,11.6,4.538,0,4.538
2005-08-20,27.3,12.4,4.3035,0,4.3035
2005-08-21,24.6,11.1,3.813,0,3.813
2005-08-22,24.2,14.6,3.2432,0,3.2432
2005-08-23,24.2,14.6,3.2206,0,3.2206
2005-08-24,27.2,10.5,4.3736,0,4.3736
2005-08-25,30.3,9.8,5.1038,0,5.1038
2005-08-26,28.7,11.3,4.5638,0,4.5638
2005-08-27,24.8,10.2,3.7967,0,3.7967
2005-08-28,19.8,14.2,2.1533,12.7,-3.6217
2005-08-29,19.8,14.1,2.1531,12.7,-3.6219
2005-08-30,18.6,11.6,2.2552,0.4,2.2552
2005-08-31,23,14.2,2.8212,0,2.8212
2005-09-01,25.1,10.5,3.6874,0,3.6874
2005-09-02,22.8,11.7,3.0525,0,3.0525
2005-09-03,21.7,9,3.1014,0,3.1014
2005-09-04,18.6,11.2,2.2157,0,2.2157
2005-09-05,21.6,8.6,3.0707,0,3.0707
2005-09-06,24.4,7.7,3.6657,0,3.6657
2005-09-07,24.6,7.7,3.674,0,3.674
2005-09-08,23.7,9.1,3.3438,0,3.3438
2005-09-09,17.8,11.3,1.9505,1.9,1.9505
2005-09-10,22,9.5,2.927,1.2,2.927
2005-09-11,21.5,11.3,2.6176,0,2.6176
2005-09-12,21.8,11,2.6828,0.2,2.6828
2005-09-13,22.2,7.7,3.0499,0,3.0499
2005-09-14,21.3,9.9,2.6545,0,2.6545
2005-09-15,18.7,13.2,1.7569,0,1.7569
2005-09-16,14.7,10.9,1.3046,7.6,-0.6454
2005-09-17,19.1,10,2.1811,0,2.1811
2005-09-18,20.8,6.7,2.754,0,2.754
2005-09-19,20.3,10,2.344,0.9,2.344
2005-09-20,19.5,8.1,2.3653,0,2.3653
2005-09-21,18.5,5.1,2.4305,0,2.4305
2005-09-22,19,4.7,2.5142,0,2.5142
2005-09-23,20.4,4.4,2.7301,0,2.7301
2005-09-24,21.1,3.4,2.8829,0,2.8829
2005-09-25,20.3,4.9,2.624,0,2.624
2005-09-26,21.5,5.5,2.7412,0,2.7412
2005-09-27,20.7,7.3,2.4505,0,2.4505
2005-09-28,17.6,4.7,2.1567,3.8,2.1567
2005-09-29,16.8,11.6,1.3847,72.6,-49.3153
2005-09-30,15.4,7.6,1.5649,0,1.5649
2005-10-01,16.2,5.8,1.8087,0,1.8087
2005-10-02,12.5,7.3,1.1545,0,1.1545
2005-10-03,14.4,5.9,1.5166,0,1.5166
2005-10-04,16.7,2.4,2.0496,0,2.0496
2005-10-05,15.7,9.7,1.324,0,1.324
2005-10-06,13.3,11,0.8146,18.8,-9.5354
2005-10-07,16.6,9.7,1.4179,2,1.4179
2005-10-08,14.8,8.9,1.228,0,1.228
2005-10-09,15.8,9.1,1.3286,0,1.3286
2005-10-10,13.7,10.8,0.8567,0,0.8567
2005-10-11,16.8,6,1.6699,0,1.6699
2005-10-12,12.4,8.9,0.8602,0,0.8602
2005-10-13,16.8,8.6,1.4341,0,1.4341
2005-10-14,15.3,10.6,1.0468,3.8,1.0468
2005-10-15,18.5,11,1.4197,9.4,-1.8803
2005-10-16,14.5,9.6,1.0107,26,-14.7393
2005-10-17,14.8,11.5,0.8544,36.4,-22.6956
2005-10-18,17.7,7.9,1.5098,0.2,1.5098
2005-10-19,14,10.8,0.8009,0,0.8009
2005-10-20,14.5,5.8,1.2466,0,1.2466
2005-10-21,18.6,9.8,1.4239,0,1.4239
2005-10-22,20.2,7.6,1.7608,0,1.7608
2005-10-23,12.5,9.8,0.6782,8,-1.5718
2005-10-24,17.9,7.9,1.4247,8.8,-1.4253
2005-10-25,19,5.4,1.6964,1.2,1.6964
2005-10-26,13,3.2,1.1595,0,1.1595
2005-10-27,13.2,2.3,1.2154,0,1.2154
2005-10-28,14.4,7.7,0.9909,16.6,-7.7091
2005-10-29,13.4,4.5,1.0812,10.3,-2.8938
2005-10-30,9.2,6.6,0.5441,14,-6.2059
2005-10-31,12.4,7.6,0.7632,10.3,-3.2118
2005-11-01,9.3,6.6,0.5391,31,-18.9609
2005-11-02,10.9,6.7,0.6655,5.2,0.5155
2005-11-03,8.7,5.8,0.5265,17.4,-8.7735
2005-11-04,8.2,6,0.4678,5.6,0.0178
2005-11-05,7.9,3.7,0.571,11.4,-4.229
2005-11-06,9.3,4.4,0.6347,10.2,-3.2653
2005-11-07,9.6,3.5,0.6992,2.8,0.6992
2005-11-08,6.2,3.3,0.4488,7.4,-1.3512
2005-11-09,8.3,4.8,0.5141,0.8,0.5141
2005-11-10,13.8,5.3,0.9268,10.8,-3.4232
2005-11-11,8.1,2.5,0.6038,4.3,0.6038
2005-11-12,8.3,-0.1,0.7316,3.4,0.7316
2005-11-13,7,3.7,0.4561,13.3,-5.7689
2005-11-14,9.4,-0.5,0.814,0,0.814
2005-11-15,6.2,0.3,0.5468,0.4,0.5468
2005-11-16,7.4,4.5,0.4289,1.1,0.4289
2005-11-17,12.5,2.9,0.8723,0,0.8723
2005-11-18,11.8,1.5,0.8741,0,0.8741
2005-11-19,13.6,1.1,1.029,0,1.029
2005-11-20,11.3,0,0.8859,0,0.8859
2005-11-21,11.9,-1,0.9676,0,0.9676
2005-11-22,10.7,-2.3,0.9218,0,0.9218
2005-11-23,5,-1.4,0.4976,0,0.4976
2005-11-24,7.6,-3.6,0.7386,3.8,0.7386
2005-11-25,8.5,5.5,0.4134,16.4,-8.1366
2005-11-26,7.8,-0.5,0.6202,4.6,0.6202
2005-11-27,4.7,-0.7,0.4376,1.4,0.4376
2005-11-28,5.4,-2.7,0.5467,0,0.5467
2005-11-29,2.8,-0.5,0.327,14.2,-6.573
2005-11-30,1.3,-2,0.3038,3.7,0.3038
2005-12-01,0.8,-2.1,0.2833,1.6,0.2833
2005-12-02,0.1,-4.6,0.3241,2,0.3241
2005-12-03,1.5,-5,0.3985,0,0.3985
2005-12-04,1,-3.9,0.3391,1.8,0.3391
2005-12-05,4.2,0.6,0.343,1.6,0.343
2005-12-06,4.8,0.4,0.3773,0.2,0.3773
2005-12-07,3.2,-1.4,0.3572,0,0.3572
2005-12-08,5.1,-2.9,0.5041,0,0.5041
2005-12-09,5.8,-3,0.5447,0,0.5447
2005-12-10,7.9,-1,0.5938,0,0.5938
2005-12-11,7.4,-3.7,0.6603,0,0.6603
2005-12-12,3.6,0.6,0.3053,1.6,0.3053
2005-12-13,5.1,1.9,0.3304,0,0.3304
2005-12-14,3.9,-1.5,0.3843,0,0.3843
2005-12-15,5.2,-4.2,0.5422,0,0.5422
2005-12-16,5.9,-4.3,0.5843,0,0.5843
2005-12-17,7.9,-3.9,0.6898,0,0.6898
2005-12-18,6.7,1.1,0.4357,0,0.4357
2005-12-19,5.6,3.6,0.2969,1.8,0.2969
2005-12-20,7.4,4.1,0.3622,11,-4.1378
2005-12-21,13.5,6.9,0.6132,6.7,-0.6618
2005-12-22,13.8,8.4,0.5626,15,-6.9374
2005-12-23,11,8,0.4033,10,-3.3467
2005-12-24,17.2,7.6,0.86,17.4,-8.44
2005-12-25,12.9,8,0.5226,21.7,-12.0024
2005-12-26,10.2,6.3,0.4308,11.3,-4.2942
2005-12-27,11.1,5.8,0.5084,0,0.5084
2005-12-28,11,5.8,0.5035,0,0.5035
2005-12-29,7.7,2.7,0.4367,0,0.4367
2005-12-30,8,5.1,0.3628,0,0.3628
2005-12-31,7,5.4,0.3079,0,0.3079
2006-01-01,10.2,4.5,0.5175,0,0.5175
2006-01-02,9.9,4.8,0.4884,0,0.4884
2006-01-03,7.3,2.9,0.4163,0,0.4163
2006-01-04,8.6,2.1,0.5266,0,0.5266
2006-01-05,10.8,6.8,0.4642,0,0.4642
2006-01-06,12.8,7.4,0.5722,0,0.5722
2006-01-07,9.4,5.8,0.4287,0,0.4287
2006-01-08,8.4,3.6,0.4654,0,0.4654
2006-01-09,7.4,4.9,0.3593,0,0.3593
2006-01-10,8.4,4.7,0.4258,44.3,-29.0492
2006-01-11,7.9,4.9,0.392,17.4,-8.908
2006-01-12,6.7,4.4,0.3501,22.5,-12.7749
2006-01-13,5.9,4.2,0.3208,51.2,-34.3292
2006-01-14,8.5,4.5,0.4553,6,-0.2947
2006-01-15,6.6,0.5,0.5117,0.8,0.5117
2006-01-16,4,2.7,0.2921,34.9,-22.1329
2006-01-17,10.1,3.8,0.6078,5.1,0.5328
2006-01-18,8.3,3.2,0.5191,1.4,0.5191
2006-01-19,7.5,3,0.4816,6.2,-0.4184
2006-01-20,7.7,2,0.5441,11.9,-4.6309
2006-01-21,6.2,3.3,0.398,0.5,0.398
2006-01-22,8.9,3.3,0.578,6,-0.172
2006-01-23,9.4,6.4,0.4653,7.4,-1.3347
2006-01-24,13,3.9,0.8769,0,0.8769
2006-01-25,12.5,3.4,0.8702,16.6,-7.8298
2006-01-26,7.4,5.1,0.4114,6.8,-0.9386
2006-01-27,6.4,3.4,0.4335,4.6,0.4335
2006-01-28,8,3.6,0.5387,8.6,-2.1613
2006-01-29,6.2,2.9,0.4549,31.8,-19.6451
2006-01-30,10.6,2.8,0.793,22,-11.957
2006-01-31,7.9,4,0.5306,6.2,-0.3694
2006-02-01,10.3,1.7,0.8431,,0.8431
2006-02-02,11.3,5.4,0.7391,5.4,0.4391
2006-02-03,8,4.2,0.5477,3.4,0.5477
2006-02-04,11.3,4.7,0.7987,28.7,-16.9763
2006-02-05,6.8,3,0.536,0.5,0.536
2006-02-06,9.3,2.9,0.7484,0,0.7484
2006-02-07,10.7,1.2,0.9679,0,0.9679
2006-02-08,10.5,0.6,0.9926,3.8,0.9926
2006-02-09,10.7,-0.1,1.0575,0,1.0575
2006-02-10,12.1,5.2,0.9076,0,0.9076
2006-02-11,11.7,-1.4,1.239,0,1.239
2006-02-12,11.2,1.5,1.0605,0,1.0605
2006-02-13,8.9,5.6,0.613,4.1,0.613
2006-02-14,6.7,-2.3,0.8786,0,0.8786
2006-02-15,6.7,-0.8,0.8168,0,0.8168
2006-02-16,5.1,0,0.6522,0,0.6522
2006-02-17,3.2,-2.5,0.639,0,0.639
2006-02-18,6.6,-2.6,0.9301,0,0.9301
2006-02-19,5.5,-3.8,0.9041,0,0.9041
2006-02-20,4.7,-3.8,0.8488,0,0.8488
2006-02-21,5.1,0.7,0.656,,0.656
2006-02-22,8.4,3.3,0.808,2.6,0.808
2006-02-23,5.8,1.3,0.7,16.1,-7.625
2006-02-24,6.8,-4.9,1.1293,0,1.1293
2006-02-25,3.6,-2.1,0.723,0.8,0.723
2006-02-26,5.1,3.7,0.477,9.2,-2.673
2006-02-27,12.8,4.1,1.2928,6.6,0.0928
2006-02-28,6.4,3.7,0.6301,1.2,0.6301
2006-03-01,11.7,1.2,1.3869,0,1.3869
2006-03-02,11.7,1.7,1.3731,0.6,1.3731
2006-03-03,10.6,0.8,1.3211,0,1.3211
2006-03-04,12.4,3.4,1.3768,0,1.3768
2006-03-05,10.5,3.1,1.1893,0,1.1893
2006-03-06,13.5,5.6,1.3845,0,1.3845
2006-03-07,10,5,1.0086,0,1.0086
2006-03-08,5.8,2.7,0.7153,8.4,-1.8347
2006-03-09,5.8,0.4,0.9045,7.8,-1.1955
2006-03-10,8.5,2.2,1.0908,0.9,1.0908
2006-03-11,10.9,-1,1.5993,0,1.5993
2006-03-12,9.9,-0.8,1.486,0,1.486
2006-03-13,10.9,-1.5,1.6643,0,1.6643
2006-03-14,10.1,3.7,1.2255,5.2,1.0755
2006-03-15,8.6,1.5,1.2235,0.3,1.2235
2006-03-16,8.4,3.4,1.0575,0.2,1.0575
2006-03-17,10.6,2.9,1.4008,0.6,1.4008
2006-03-18,10.6,1.1,1.551,0,1.551
2006-03-19,13.5,-2.5,2.1742,0,2.1742
2006-03-20,14.3,0.2,2.1482,0,2.1482
2006-03-21,10.9,4.5,1.3673,1,1.3673
2006-03-22,11.1,6.5,1.2096,2.1,1.2096
2006-03-23,17.4,4.8,2.3529,2.5,2.3529
2006-03-24,13.3,6.1,1.6211,6.8,0.2711
2006-03-25,12.4,2,1.8565,0,1.8565
2006-03-26,9.8,1.7,1.5291,5.7,1.0041
2006-03-27,15.4,3.4,2.2395,0,2.2395
2006-03-28,12,5,1.5926,3.9,1.5926
2006-03-29,14.1,0.1,2.3206,0,2.3206
2006-03-30,14.6,6.8,1.8662,4.4,1.8662
2006-03-31,13.6,7.8,1.6014,2.8,1.6014
2006-04-01,8.1,6.2,0.8484,8.2,-1.5516
2006-04-02,16.3,3.7,2.4927,0,2.4927
2006-04-03,16.9,6.3,2.3886,0,2.3886
2006-04-04,16.4,3.2,2.5941,4.6,2.5941
2006-04-05,16.9,1.5,2.829,0,2.829
2006-04-06,13.8,7.3,1.7912,0,1.7912
2006-04-07,18.1,4.7,2.8345,0,2.8345
2006-04-08,14.7,6.5,2.0773,0,2.0773
2006-04-09,11.3,7.6,1.3266,7,-0.1734
2006-04-10,12,6,1.6818,3.4,1.6818
2006-04-11,15.9,2.4,2.7252,0,2.7252
2006-04-12,13.5,6.8,1.8902,1.5,1.8902
2006-04-13,9.2,5.4,1.2845,13.1,-4.7905
2006-04-14,8.6,4.8,1.2657,2.2,1.2657
2006-04-15,8.2,1.4,1.5982,16.3,-6.8768
2006-04-16,11.9,2.2,2.1486,2.9,2.1486
2006-04-17,12.8,2.3,2.3105,0.3,2.3105
2006-04-18,14.4,4.7,2.3869,0,2.3869
2006-04-19,15.4,7.3,2.3078,0.2,2.3078
2006-04-20,15.3,8.1,2.2034,0.2,2.2034
2006-04-21,12.3,3.8,2.1419,8.8,-0.7081
2006-04-22,17.9,2.9,3.2858,0,3.2858
2006-04-23,23.4,5.4,4.2112,0,4.2112
2006-04-24,23.1,5,4.2079,0,4.2079
2006-04-25,18.7,5.1,3.3114,0,3.3114
2006-04-26,10.8,4.8,1.8129,2.6,1.8129
2006-04-27,16.6,7.6,2.6483,1,2.6483
2006-04-28,22.4,7.9,3.8779,0,3.8779
2006-04-29,14.6,3.3,2.7458,12.1,-2.5792
2006-04-30,13.8,2.4,2.6931,0,2.6931
2006-05-01,13.8,2.6,2.6897,0.4,2.6897
2006-05-02,16.6,1.3,3.3576,0,3.3576
2006-05-03,21.8,1.3,4.4409,0,4.4409
2006-05-04,23,4.3,4.4848,0,4.4848
2006-05-05,22.5,7.2,4.1225,0,4.1225
2006-05-06,12.8,9.1,1.6824,0,1.6824
2006-05-07,15.3,7.7,2.4982,12,-2.7518
2006-05-08,14.1,5.6,2.5244,0,2.5244
2006-05-09,17.1,1.9,3.5266,0,3.5266
2006-05-10,20.1,4.9,3.9101,,3.9101
2006-05-11,15,6.3,2.6662,,2.6662
2006-05-12,14.8,4.6,2.8365,,2.8365
2006-05-13,18.1,3.9,3.6193,,3.6193
2006-05-14,24.4,3.4,5.0859,,5.0859
2006-05-15,30.2,8.7,6.0364,,6.0364
2006-05-16,28.4,11.9,5.2444,,5.2444
2006-05-17,26.1,10.6,4.8324,,4.8324
2006-05-18,25.7,9.4,4.8894,,4.8894
2006-05-19,19.6,10.4,3.2684,0.6,3.2684
2006-05-20,16.8,10.9,2.488,4.8,2.488
2006-05-21,22.3,9.1,4.1318,3,4.1318
2006-05-22,15.8,13.2,1.7068,10.4,-2.3432
2006-05-23,16.9,10.1,2.6795,4.4,2.6795
2006-05-24,19.5,12.1,3.0196,4.4,3.0196
2006-05-25,16.6,9.4,2.7358,18.8,-7.6142
2006-05-26,15.7,9.9,2.4302,5.3,2.2052
2006-05-27,15.6,10.2,2.3556,3.8,2.3556
2006-05-28,16.4,11.2,2.3836,4.1,2.3836
2006-05-29,17.5,10.6,2.7942,0.8,2.7942
2006-05-30,22.1,8.8,4.2222,0,4.2222
2006-05-31,25.3,11.6,4.6896,2.9,4.6896
2006-06-01,20.5,13.8,3.0399,10.5,-1.0851
2006-06-02,21.1,13.2,3.3291,5.3,3.1041
2006-06-03,20.1,11.3,3.3913,2.4,3.3913
2006-06-04,15.4,11.9,1.9772,7.5,0.1022
2006-06-05,20.2,12.2,3.2781,0,3.2781
2006-06-06,23.1,8.5,4.5659,0,4.5659
2006-06-07,21.1,9.1,3.994,0,3.994
2006-06-08,15.7,11.9,2.0807,10,-1.6693
2006-06-09,18.5,11.8,2.9036,0.2,2.9036
2006-06-10,20.7,12.8,3.3316,0.2,3.3316
2006-06-11,23.4,11.3,4.3056,6,3.5556
2006-06-12,23.4,12.2,4.1765,0.2,4.1765
2006-06-13,19,15,2.3603,12.1,-2.9647
2006-06-14,18.6,13.1,2.6857,3.5,2.6857
2006-06-15,19.4,12.8,2.9796,0,2.9796
2006-06-16,21.1,14.2,3.1932,0,3.1932
2006-06-17,19.6,12.4,3.1151,0,3.1151
2006-06-18,20.5,9.3,3.8504,0,3.8504
2006-06-19,19.8,11.7,3.2973,0,3.2973
2006-06-20,20.3,10.6,3.6103,0,3.6103
2006-06-21,21.5,7.6,4.3189,0,4.3189
2006-06-22,21,8.4,4.0957,0,4.0957
2006-06-23,23.9,7.5,4.9291,0,4.9291
2006-06-24,27.8,10.1,5.6446,0,5.6446
2006-06-25,32,14.6,6.2333,0,6.2333
2006-06-26,32.5,14.9,6.3325,0,6.3325
2006-06-27,27.2,14.9,4.8143,0,4.8143
2006-06-28,23.9,9.2,4.7184,0,4.7184
2006-06-29,25.7,9.2,5.1792,,5.1792
2006-06-30,28.8,11.9,5.6711,0,5.6711
2006-07-01,27.4,11.7,5.3112,0,5.3112
2006-07-02,28.9,11.4,5.7477,0,5.7477
2006-07-03,26.4,13,4.8496,0,4.8496
2006-07-04,26.4,12.3,4.9415,0,4.9415
2006-07-05,20,12.8,3.1158,0,3.1158
2006-07-06,17.6,13.2,2.3363,0,2.3363
2006-07-07,24.8,8.9,4.9285,0,4.9285
2006-07-08,29.8,10.4,6.0538,0,6.0538
2006-07-09,23.3,15.3,3.5557,0,3.5557
2006-07-10,21,14.2,3.0991,0,3.0991
2006-07-11,23.1,11.6,4.1044,0,4.1044
2006-07-12,17.6,13.6,2.213,8.4,-0.337
2006-07-13,20.3,13.4,3.0352,5.2,2.8852
2006-07-14,23.5,14.3,3.7541,0,3.7541
2006-07-15,23.6,13.8,3.8569,0,3.8569
2006-07-16,25.4,9.9,4.8657,0,4.8657
2006-07-17,21.6,11.6,3.6542,0,3.6542
2006-07-18,23.7,10.2,4.3722,0,4.3722
2006-07-19,23.9,10.2,4.4095,0,4.4095
2006-07-20,30.4,11.7,5.8911,0,5.8911
2006-07-21,37.1,16.2,7.1691,0,7.1691
2006-07-22,34.5,19.5,5.9358,0,5.9358
2006-07-23,33,17.5,5.7863,0,5.7863
2006-07-24,29.6,18.1,4.6976,0,4.6976
2006-07-25,24.9,15,3.8875,0,3.8875
2006-07-26,28.6,13,5.1468,0,5.1468
2006-07-27,27.4,13.8,4.7061,0,4.7061
2006-07-28,19.6,12.7,2.8278,0,2.8278
2006-07-29,20.5,11.2,3.2877,0,3.2877
2006-07-30,20.6,11.6,3.2381,0.2,3.2381
2006-07-31,22.8,9.4,4.0514,0,4.0514
2006-08-01,22.6,10.9,3.7972,0,3.7972
2006-08-02,23.5,9.8,4.1339,0,4.1339
2006-08-03,24.8,10.2,4.3784,0,4.3784
2006-08-04,25.4,11,4.4075,0,4.4075
2006-08-05,28.3,9.7,5.2356,0,5.2356
2006-08-06,30.5,11.1,5.6038,0,5.6038
2006-08-07,28.4,12.7,4.8722,0,4.8722
2006-08-08,22.1,10.8,3.5648,1.2,3.5648
2006-08-09,23.3,13.8,3.4114,8.9,0.4864
2006-08-10,20.7,13.8,2.7396,2.7,2.7396
2006-08-11,20.2,12.8,2.7677,0,2.7677
2006-08-12,23.5,13.1,3.5064,0,3.5064
2006-08-13,26.8,10.6,4.578,0,4.578
2006-08-14,27.1,11.5,4.5218,0,4.5218
2006-08-15,22.8,11.5,3.4963,0,3.4963
2006-08-16,22.9,10.4,3.6335,0,3.6335
2006-08-17,23,10.9,3.5734,0,3.5734
2006-08-18,28,9.4,4.8427,0,4.8427
2006-08-19,29.3,10.3,5.022,0,5.022
2006-08-20,30.9,10.3,5.3623,0,5.3623
2006-08-21,29,10.8,4.8402,0,4.8402
2006-08-22,21,11.3,2.9697,0,2.9697
2006-08-23,20.8,11.7,2.852,0,2.852
2006-08-24,22.1,12.9,2.9564,0,2.9564
2006-08-25,28.1,9.5,4.6413,0,4.6413
2006-08-26,28.6,10.4,4.6323,0,4.6323
2006-08-27,30.4,11.3,4.9126,0,4.9126
2006-08-28,28.8,11.3,4.5218,0,4.5218
2006-08-29,20.4,13.2,2.4313,0,2.4313
2006-08-30,20.7,11.3,2.7352,2.4,2.7352
2006-08-31,23.2,9.7,3.407,0,3.407
2006-09-01,30.7,9.6,4.9622,0,4.9622
2006-09-02,33,11.7,5.2376,0,5.2376
2006-09-03,29.4,11.1,4.4707,,4.4707
2006-09-04,27,12.5,3.7853,0,3.7853
2006-09-05,27.2,9.7,4.0751,0,4.0751
2006-09-06,26.6,9.5,3.9391,0,3.9391
2006-09-07,23.5,9.8,3.2656,0,3.2656
2006-09-08,22.4,8.5,3.1526,0,3.1526
2006-09-09,19.7,10.9,2.3658,5.2,2.2158
2006-09-10,23.3,9.2,3.2008,0,3.2008
2006-09-11,26.1,7.7,3.8354,0,3.8354
2006-09-12,24.6,9.8,3.3324,0,3.3324
2006-09-13,17.1,11,1.7846,0.2,1.7846
2006-09-14,13.7,8.7,1.4475,5.9,0.7725
2006-09-15,18.8,4.6,2.667,,2.667
2006-09-16,19.4,4.4,2.7556,0,2.7556
2006-09-17,17.5,8,2.1111,,2.1111
2006-09-18,19.3,12.5,1.908,13.1,-4.167
2006-09-19,18.7,10.7,1.9927,8,-0.2573
2006-09-20,12.8,11.6,0.7667,11.6,-4.1833
2006-09-21,16.6,8.4,1.8425,1.2,1.8425
2006-09-22,19.5,6.8,2.4284,0,2.4284
2006-09-23,22.4,7.3,2.8344,0,2.8344
2006-09-24,25,8.1,3.1799,0,3.1799
2006-09-25,25.4,8.3,3.2008,0,3.2008
2006-09-26,25,9.6,2.9949,0,2.9949
2006-09-27,27.2,10.1,3.3013,0,3.3013
2006-09-28,24.2,10,2.7662,0,2.7662
2006-09-29,23.2,8.2,2.7213,0,2.7213
2006-09-30,16.4,6,1.8419,0,1.8419
2006-10-01,18.3,6.2,2.0762,0,2.0762
2006-10-02,17.1,3.2,2.0977,0,2.0977
2006-10-03,17.7,5.1,2.0265,0,2.0265
2006-10-04,24,6.5,2.8275,0,2.8275
2006-10-05,18.4,4.5,2.119,0,2.119
2006-10-06,17.1,5.7,1.8346,0.2,1.8346
2006-10-07,18.1,3.6,2.0908,0,2.0908
2006-10-08,18.6,6.9,1.9063,1.6,1.9063
2006-10-09,19.4,3.2,2.2432,0,2.2432
2006-10-10,20.6,2.6,2.4184,0,2.4184
2006-10-11,21.5,3.7,2.4483,0,2.4483
2006-10-12,22.4,5.2,2.4511,0,2.4511
2006-10-13,18.7,4.4,1.9791,0,1.9791
2006-10-14,11.8,4.4,1.1323,2.8,1.1323
2006-10-15,11.7,9.8,0.6488,23.6,-13.3012
2006-10-16,15.5,7.3,1.321,1.2,1.321
2006-10-17,16.6,8,1.3851,0,1.3851
2006-10-18,12.9,8.8,0.8633,2.7,0.8633
2006-10-19,12.7,9.8,0.7383,8,-1.5117
2006-10-20,15.6,5.9,1.3642,0,1.3642
2006-10-21,16,2.5,1.6015,0,1.6015
2006-10-22,18.5,2.3,1.8817,0,1.8817
2006-10-23,12.5,3.4,1.1407,0,1.1407
2006-10-24,12.9,3.2,1.1787,5.3,0.9537
2006-10-25,11,6.7,0.7495,1.8,0.7495
2006-10-26,13.4,8.8,0.8296,6.8,-0.5204
2006-10-27,15.6,11.8,0.8149,0.8,0.8149
2006-10-28,15.5,10.3,0.9171,0,0.9171
2006-10-29,13.5,2.8,1.1882,10.4,-2.8618
2006-10-30,7.1,-1.9,0.8431,0,0.8431
2006-10-31,9.7,-3.3,1.1099,0,1.1099
2006-11-01,10.2,-1.8,1.074,0,1.074
2006-11-02,6.6,3.6,0.4973,15.8,-7.6027
2006-11-03,15.6,5.7,1.1592,21.4,-11.1408
2006-11-04,14.3,11.4,0.634,13.7,-5.891
2006-11-05,13.3,9.8,0.6492,17.1,-8.4258
2006-11-06,16.4,9.7,0.9484,83.2,-57.7016
2006-11-07,14.8,7.7,0.9107,6.6,-0.2893
2006-11-08,11.2,4.8,0.7506,0.3,0.7506
2006-11-09,9.8,2.6,0.7439,,0.7439
2006-11-10,7.7,4.1,0.5014,29,-17.4986
2006-11-11,9.1,3.2,0.6431,8.4,-1.9069
2006-11-12,9.1,4.7,0.559,32.2,-19.841
2006-11-13,7.8,4.5,0.4706,19.5,-10.4044
2006-11-14,9.1,4.1,0.5763,1.8,0.5763
2006-11-15,14.3,4.9,0.9403,19.3,-9.7847
2006-11-16,9.8,1.8,0.7239,0.4,0.7239
2006-11-17,9.8,5.1,0.5573,8.3,-1.9177
2006-11-18,9.5,6.1,0.48,12.2,-4.92
2006-11-19,14.7,4.8,0.9415,6.6,-0.2585
2006-11-20,11,4.4,0.66,6.9,-0.765
2006-11-21,10.6,4.8,0.6049,30.6,-18.5951
2006-11-22,7.2,4.8,0.3787,14.4,-6.6713
2006-11-23,6.9,3.7,0.4041,7.2,-1.2459
2006-11-24,5.4,1.1,0.4198,6.3,-0.5552
2006-11-25,3.6,-0.5,0.3785,10.7,-3.8965
2006-11-26,0.2,-5.5,0.3719,40.5,-26.2531
2006-11-27,-5.4,-9,0.2327,1.4,0.2327
2006-11-28,-8.5,-11,0.1747,0,0.1747
2006-11-29,-5,-11.6,0.3042,4.2,0.3042
2006-11-30,2.8,-5,0.4731,3.8,0.4731
2006-12-01,5.3,-3.5,0.5575,0.2,0.5575
2006-12-02,3,-5,0.4772,0,0.4772
2006-12-03,2.6,-2.3,0.3662,,0.3662
2006-12-04,3.6,1,0.3045,9.2,-2.8455
2006-12-05,4.9,1.3,0.3531,,0.3531
2006-12-06,8.1,1.7,0.5113,0,0.5113
2006-12-07,6.9,1.4,0.4507,,0.4507
2006-12-08,8.8,3,0.4957,1.2,0.4957
2006-12-09,9.8,2.3,0.5842,1.4,0.5842
2006-12-10,9.5,4.8,0.459,2.7,0.459
2006-12-11,13.8,4.8,0.744,10.5,-3.381
2006-12-12,10,4.2,0.511,16,-7.739
2006-12-13,10.2,3.6,0.5472,19.4,-10.2528
2006-12-14,11.1,0.2,0.7461,30,-18.0039
2006-12-15,10.8,-0.6,0.7564,11.8,-4.3436
2006-12-16,4.1,-0.7,0.3661,0,0.3661
2006-12-17,5.9,-1.7,0.4933,0,0.4933
2006-12-18,3,-1.7,0.3453,,0.3453
2006-12-19,5.1,2.2,0.3175,5.3,0.0925
2006-12-20,6.5,3.3,0.346,4.4,0.346
2006-12-21,10.7,5.1,0.5092,7.5,-1.3658
2006-12-22,7,3,0.3818,0,0.3818
2006-12-23,6,1.1,0.3987,17.3,-8.8263
2006-12-24,7,2,0.4194,22,-12.3306
2006-12-25,8.9,3.7,0.461,3.1,0.461
2006-12-26,5.6,3.1,0.3134,1.8,0.3134
2006-12-27,4.9,-1,0.4183,3.8,0.4183
2006-12-28,4.2,-3.2,0.4575,0,0.4575
2006-12-29,6.6,-1.4,0.5283,0.2,0.5283
2006-12-30,5.6,-0.3,0.4348,0,0.4348
2006-12-31,5.9,1.9,0.3735,0,0.3735
2007-01-01,9.7,3.1,0.5455,30.6,-18.6545
2007-01-02,12.6,7.9,0.5217,49.4,-32.7783
2007-01-03,8.8,4.8,0.4252,14.9,-6.9998
2007-01-04,5.5,1.3,0.382,0.4,0.382
2007-01-05,6.5,-0.8,0.5172,14.7,-6.7578
2007-01-06,7.3,3,0.4199,3.8,0.4199
2007-01-07,10.1,4.8,0.5158,16.8,-8.3342
2007-01-08,8.9,1.5,0.5839,3.7,0.5839
2007-01-09,12.1,-0.3,0.8862,5.8,0.2862
2007-01-10,1.9,-2.1,0.335,20.4,-11.215
2007-01-11,-2.1,-7.1,0.3082,0,0.3082
2007-01-12,-3.3,-12.8,0.4056,0,0.4056
2007-01-13,-0.2,-9.9,0.4785,,0.4785
2007-01-14,0.3,-11.6,0.5538,0,0.5538
2007-01-15,1.6,-9.2,0.5599,0,0.5599
2007-01-16,1.8,-1.1,0.3148,8.6,-2.3852
2007-01-17,2.5,0.1,0.3107,1.8,0.3107
2007-01-18,2.2,0.6,0.284,22.4,-12.766
2007-01-19,3.1,0.8,0.3214,11.6,-4.6286
2007-01-20,6.3,1.4,0.4807,3.3,0.4807
2007-01-21,4.2,1.5,0.3589,2.2,0.3589
2007-01-22,5.1,2.5,0.3723,21.2,-11.7777
2007-01-23,7.3,4.6,0.4153,19,-10.0847
2007-01-24,11,1.5,0.8328,0,0.8328
2007-01-25,5.7,-1,0.5719,0.2,0.5719
2007-01-26,10.8,-1.9,0.9874,0,0.9874
2007-01-27,11.4,-1,1.0069,0,1.0069
2007-01-28,9.6,-2.4,0.9336,0,0.9336
2007-01-29,6.1,-2.4,0.685,0,0.685
2007-01-30,13.1,-1.8,1.2219,0,1.2219
2007-01-31,9.9,-3.5,1.0346,0,1.0346
2007-02-01,11.7,-2.1,1.1372,0,1.1372
2007-02-02,7.9,-3.8,0.9098,0,0.9098
2007-02-03,4.6,-2.8,0.6377,3,0.6377
2007-02-04,5.7,2.2,0.4907,10.8,-3.8593
2007-02-05,10.6,5.1,0.7247,0,0.7247
2007-02-06,8.1,1.9,0.7037,0.4,0.7037
2007-02-07,9.2,6.1,0.5601,3,0.5601
2007-02-08,10.5,6.3,0.6691,8.4,-1.8809
2007-02-09,7.9,4.1,0.5901,1,0.5901
2007-02-10,13.8,5.4,1.0607,0.2,1.0607
2007-02-11,10,5.2,0.7225,,0.7225
2007-02-12,12.1,5.7,0.8997,0.4,0.8997
2007-02-13,8.1,5.2,0.5676,3.1,0.5676
2007-02-14,7,4.4,0.531,17.2,-8.619
2007-02-15,14.4,4.7,1.2381,17.4,-8.0619
2007-02-16,10.5,3.1,0.9555,0.6,0.9555
2007-02-17,11.5,4.6,0.9732,3.4,0.9732
2007-02-18,8.1,5.9,0.5527,0.8,0.5527
2007-02-19,7.3,4.8,0.566,39.9,-25.609
2007-02-20,8,3.5,0.7348,6.3,-0.2402
2007-02-21,8.4,3.2,0.804,1,0.804
2007-02-22,7.4,1,0.8574,4.2,0.8574
2007-02-23,6.7,0.4,0.8385,5,0.8385
2007-02-24,3.8,0.4,0.5843,10.2,-3.3157
2007-02-25,8.6,3,0.8822,6.6,-0.3178
2007-02-26,6.6,0,0.8865,1.2,0.8865
2007-02-27,8,-1.3,1.1087,0,1.1087
2007-02-28,4.8,-1.2,0.8094,6.1,-0.0156
2007-03-01,3.7,-6.4,0.9821,2.1,0.9821
2007-03-02,4.2,-1.4,0.7859,,0.7859
2007-03-03,7.3,2.2,0.8705,5.8,0.2705
2007-03-04,11.1,3.3,1.2301,,1.2301
2007-03-05,10.5,6.8,0.8846,10.8,-3.4654
2007-03-06,18.2,5.8,1.9953,0,1.9953
2007-03-07,14.1,5.5,1.4874,14.4,-5.5626
2007-03-08,9,4.1,0.9748,12.2,-4.4252
2007-03-09,10.4,7.3,0.8638,1.2,0.8638
2007-03-10,12.8,6.6,1.2729,18.4,-8.7771
2007-03-11,16.2,7.9,1.6508,78.2,-53.2492
2007-03-12,12.1,5.9,1.2714,3.2,1.2714
2007-03-13,9,2,1.2068,2.6,1.2068
2007-03-14,9.5,0.4,1.3952,0.4,1.3952
2007-03-15,8.9,0,1.3649,4.4,1.3649
2007-03-16,7.7,7.1,0.5167,24.3,-13.9583
2007-03-17,10.4,6.6,1.0299,26.1,-14.7951
2007-03-18,14.7,9,1.4394,5,1.4394
2007-03-19,12.6,8.7,1.1517,9.4,-2.1483
2007-03-20,8.9,3,1.2103,3.8,1.2103
2007-03-21,8.5,2.1,1.2471,3.9,1.2471
2007-03-22,7.8,3.8,1.008,23.9,-13.167
2007-03-23,10.6,5.6,1.2435,31.1,-18.3315
2007-03-24,11.3,7.6,1.1371,53.2,-35.0129
2007-03-25,11.7,2.6,1.7094,,1.7094
2007-03-26,15.6,2.1,2.3452,0,2.3452
2007-03-27,11.6,1.9,1.7852,0,1.7852
2007-03-28,12.1,1.1,1.9358,0,1.9358
2007-03-29,16.6,2.6,2.5349,0,2.5349
2007-03-30,14.5,4,2.1117,0.2,2.1117
2007-03-31,11.1,4.9,1.5069,0,1.5069
2007-04-01,8.8,3.8,1.2738,0.4,1.2738
2007-04-02,6.9,0.2,1.3473,12.8,-4.5027
2007-04-03,12.6,-0.7,2.2502,0,2.2502
2007-04-04,11.1,3.8,1.6774,1.2,1.6774
2007-04-05,19.8,6.6,2.9266,0,2.9266
2007-04-06,23.3,8.8,3.413,0,3.413
2007-04-07,18.3,7.9,2.5688,,2.5688
2007-04-08,14.6,9.7,1.6586,2,1.6586
2007-04-09,12.1,5.7,1.7201,14.6,-5.4799
2007-04-10,13.5,5.2,2.0364,0,2.0364
2007-04-11,15.7,3.1,2.6335,0,2.6335
2007-04-12,13.7,4.8,2.1466,,2.1466
2007-04-13,9.1,6.4,1.1151,6.2,0.2151
2007-04-14,14.3,6.5,2.1069,6.8,0.7569
2007-04-15,12.9,4.4,2.0952,0,2.0952
2007-04-16,10.4,3.7,1.7433,4.5,1.7433
2007-04-17,11.4,3.2,1.9836,7.2,0.3336
2007-04-18,12.8,1.8,2.3708,0,2.3708
2007-04-19,13.5,1.5,2.5348,0,2.5348
2007-04-20,14.9,0.1,2.9075,0,2.9075
2007-04-21,16.1,3.1,2.9072,,2.9072
2007-04-22,16,7.3,2.4782,2,2.4782
2007-04-23,17.4,3.7,3.1416,0,3.1416
2007-04-24,12.1,8,1.5972,11.5,-3.2778
2007-04-25,12.1,6.7,1.8063,3.3,1.8063
2007-04-26,12.4,7.7,1.7324,10.3,-2.2426
2007-04-27,13.6,9.2,1.7665,20.2,-9.6335
2007-04-28,15.4,5.2,2.6943,12.4,-2.8557
2007-04-29,15.3,2.9,2.9178,0.4,2.9178
2007-04-30,15.3,2.9,2.9345,0.4,2.9345
2007-05-01,13.6,7.1,2.1369,4,2.1369
2007-05-02,14.9,8.3,2.2611,10,-1.4889
2007-05-03,14.1,7.4,2.2271,0,2.2271
2007-05-04,14.2,5.9,2.4579,6.4,1.4079
2007-05-05,14.9,5.5,2.6641,0,2.6641
2007-05-06,13.1,8.7,1.829,2.4,1.829
2007-05-07,21.1,10.6,3.4355,2.6,3.4355
2007-05-08,21.9,8.8,3.8675,0,3.8675
2007-05-09,16.4,3.4,3.2499,0,3.2499
2007-05-10,18.7,2.8,3.7992,0,3.7992
2007-05-11,19.3,4.1,3.8279,0,3.8279
2007-05-12,18.7,5.3,3.5962,0,3.5962
2007-05-13,14.8,9.7,2.1319,0,2.1319
2007-05-14,21.2,5,4.2128,0,4.2128
2007-05-15,28.3,8.8,5.5465,0,5.5465
2007-05-16,18.3,11.3,2.765,0,2.765
2007-05-17,17.9,6.5,3.3568,0,3.3568
2007-05-18,20.7,4.5,4.2095,2.6,4.2095
2007-05-19,14.3,8.4,2.2854,6.6,1.0854
2007-05-20,12.4,7.7,1.9514,21.4,-10.3486
2007-05-21,16,6.1,3.0225,6,2.2725
2007-05-22,18.7,5,3.7621,0,3.7621
2007-05-23,19.8,6.9,3.8195,0,3.8195
2007-05-24,23.5,5.9,4.813,0,4.813
2007-05-25,23.6,7.8,4.6531,0,4.6531
2007-05-26,19.5,12.6,2.9467,0,2.9467
2007-05-27,15.6,9.8,2.429,,2.429
2007-05-28,18.6,7.9,3.4641,0,3.4641
2007-05-29,27.2,6.6,5.7241,0,5.7241
2007-05-30,28.7,10.8,5.6768,0,5.6768
2007-05-31,26.3,11.6,4.9538,0,4.9538
2007-06-01,26.4,11.2,5.0422,0,5.0422
2007-06-02,28,10.4,5.5725,0,5.5725
2007-06-03,29.1,12.7,5.5938,,5.5938
2007-06-04,20.4,16.2,2.4797,1.8,2.4797
2007-06-05,16.6,11.1,2.4999,3.8,2.4999
2007-06-06,12.5,9.2,1.761,11.2,-2.889
2007-06-07,16.6,10.2,2.6767,,2.6767
2007-06-08,19.6,6,4.0083,0,4.0083
2007-06-09,15.3,10.6,2.2547,8.9,-0.6703
2007-06-10,17.6,11.5,2.7158,18.5,-7.4092
2007-06-11,15.6,9.1,2.6218,0.2,2.6218
2007-06-12,18.6,9.5,3.3263,0.2,3.3263
2007-06-13,16.6,12.4,2.2461,1.4,2.2461
2007-06-14,19.1,9.9,3.3988,0,3.3988
2007-06-15,17.8,13,2.4722,1.2,2.4722
2007-06-16,15.7,11.4,2.2107,1.8,2.2107
2007-06-17,14.2,11,1.8578,4,1.8578
2007-06-18,17.6,9.1,3.144,0,3.144
2007-06-19,23.6,8.3,4.7643,0,4.7643
2007-06-20,23.8,10,4.6071,0,4.6071
2007-06-21,21.6,14.4,3.3024,,3.3024
2007-06-22,19.3,11.8,3.143,2.8,3.143
2007-06-23,18.8,11,3.1472,2.2,3.1472
2007-06-24,15.9,8.3,2.8387,20.9,-9.0863
2007-06-25,17.6,9,3.156,1.6,3.156
2007-06-26,26.2,9,5.3444,0,5.3444
2007-06-27,22.3,12.4,3.8506,0,3.8506
2007-06-28,21.6,13.4,3.482,1.4,3.482
2007-06-29,20.1,12.8,3.1683,3,3.1683
2007-06-30,21.6,11.9,3.7316,1,3.7316
2007-07-01,23.7,9.7,4.591,0,4.591
2007-07-02,24.1,13,4.2262,0,4.2262
2007-07-03,24.9,14.4,4.2155,0,4.2155
2007-07-04,28.5,12,5.5495,0,5.5495
2007-07-05,27.5,13,5.1362,0,5.1362
2007-07-06,24.9,11.9,4.5796,0,4.5796
2007-07-07,24.6,10.9,4.6289,0,4.6289
2007-07-08,23.1,10.9,4.2296,,4.2296
2007-07-09,27.8,11.4,5.3909,0,5.3909
2007-07-10,34.9,13.4,7.0829,0,7.0829
2007-07-11,37.9,17.7,7.3927,0,7.3927
2007-07-12,27.7,17.4,4.426,0,4.426
2007-07-13,25,16.3,3.8266,0,3.8266
2007-07-14,28.8,13.4,5.3415,,5.3415
2007-07-15,25.8,16.8,3.9462,,3.9462
2007-07-16,27.5,14.1,4.8628,0,4.8628
2007-07-17,22.1,15.7,3.057,5.2,2.907
2007-07-18,17.9,15.8,1.664,7.6,-0.286
2007-07-19,23.8,15.6,3.5508,1.2,3.5508
2007-07-20,18.7,14.9,2.1838,9.5,-1.1912
2007-07-21,23.4,16,3.336,11.4,-1.464
2007-07-22,21.9,16.9,2.6793,7.2,1.0293
2007-07-23,19.2,15.9,2.0602,11.4,-2.7398
2007-07-24,22.5,13.4,3.5218,,3.5218
2007-07-25,25.2,10.3,4.632,0,4.632
2007-07-26,23.9,11.5,4.1372,0,4.1372
2007-07-27,25.2,11.7,4.4221,0,4.4221
2007-07-28,24.5,15.2,3.7001,0,3.7001
2007-07-29,21.2,14.5,2.9125,,2.9125
2007-07-30,23,12.8,3.6606,0,3.6606
2007-07-31,25,9.3,4.5895,0,4.5895
2007-08-01,28.2,10.8,5.1852,0,5.1852
2007-08-02,27.8,11.2,5.0174,0,5.0174
2007-08-03,23,14,3.408,,3.408
2007-08-04,24.4,13.9,3.7667,0,3.7667
2007-08-05,26.1,11.7,4.4717,0,4.4717
2007-08-06,22.2,13.5,3.2346,0,3.2346
2007-08-07,18.9,13.7,2.3322,1.2,2.3322
2007-08-08,22.5,13.8,3.2283,0,3.2283
2007-08-09,20.1,9.6,3.2396,0,3.2396
2007-08-10,22.2,10.8,3.5497,0,3.5497
2007-08-11,22.7,8.6,3.9036,0,3.9036
2007-08-12,21.6,13.2,3.0296,0.6,3.0296
2007-08-13,24.7,9.2,4.2448,0,4.2448
2007-08-14,27.8,10.1,4.8392,0,4.8392
2007-08-15,31.1,11.7,5.4279,0,5.4279
2007-08-16,24.1,12.9,3.593,0,3.593
2007-08-17,22,13,3.0626,0,3.0626
2007-08-18,22.7,12.8,3.2351,0,3.2351
2007-08-19,19.5,13.8,2.2981,5.6,1.8481
2007-08-20,19.6,14.3,2.2165,0.4,2.2165
2007-08-21,23.5,15.5,2.9561,0.9,2.9561
2007-08-22,24.4,13.3,3.4713,0,3.4713
2007-08-23,24,12,3.5224,0,3.5224
2007-08-24,25,12,3.72,0,3.72
2007-08-25,18.7,12.6,2.2143,1.8,2.2143
2007-08-26,20,12.4,2.5182,3.2,2.5182
2007-08-27,22.2,8.1,3.47,0,3.47
2007-08-28,25.1,8.9,3.963,0,3.963
2007-08-29,30.9,12.4,4.8455,0,4.8455
2007-08-30,27.6,12.5,4.0679,0,4.0679
2007-08-31,18.6,12.8,2.0589,2.9,2.0589
2007-09-01,22.9,9.4,3.3506,0,3.3506
2007-09-02,21.7,11.6,2.8375,,2.8375
2007-09-03,22.9,12.8,2.9153,1.2,2.9153
2007-09-04,21.6,13.3,2.5531,8.3,0.0781
2007-09-05,22.2,12,2.8201,0,2.8201
2007-09-06,21.8,11.6,2.7628,0,2.7628
2007-09-07,22,8.3,3.123,0,3.123
2007-09-08,24.8,8.3,3.6292,0,3.6292
2007-09-09,28.3,9.1,4.2161,0,4.2161
2007-09-10,30.1,10.1,4.4572,0,4.4572
2007-09-11,29.1,10.9,4.1456,0,4.1456
2007-09-12,22.4,10.3,2.8688,0,2.8688
2007-09-13,26.9,7.3,3.9536,0,3.9536
2007-09-14,21.7,11.1,2.6033,0,2.6033
2007-09-15,21.1,12,2.3673,0,2.3673
2007-09-16,14.9,12.5,1.0886,0.4,1.0886
2007-09-17,19.3,7.6,2.4495,,2.4495
2007-09-18,14.6,5.3,1.8768,7.4,0.0768
2007-09-19,21.4,3.5,3.0688,0,3.0688
2007-09-20,15.1,8.5,1.6091,1.8,1.6091
2007-09-21,16.7,9.2,1.777,6.2,0.877
2007-09-22,17.5,10.1,1.7938,,1.7938
2007-09-23,17.2,5.2,2.175,0,2.175
2007-09-24,18.6,6.3,2.2785,1.2,2.2785
2007-09-25,14.9,10.8,1.2297,1.6,1.2297
2007-09-26,17.8,8.9,1.8827,0,1.8827
2007-09-27,13.7,8.5,1.2779,5.8,0.6779
2007-09-28,14.9,7,1.5832,1.8,1.5832
2007-09-29,13.8,6.2,1.4804,6,0.7304
2007-09-30,11.3,8.3,0.9038,77.2,-53.2462
2007-10-01,15.9,9.8,1.4092,6,0.6592
2007-10-02,13.1,8.8,1.0873,16.4,-7.4627
2007-10-03,12.4,7.8,1.0784,3.8,1.0784
2007-10-04,12.4,3.8,1.4023,2,1.4023
2007-10-05,14.4,0.8,1.829,0,1.829
2007-10-06,10.1,7.3,0.7846,7.4,-1.0154
2007-10-07,16.4,8.9,1.4628,10.2,-2.4372
2007-10-08,14.9,3.9,1.6346,0,1.6346
2007-10-09,18.1,11.6,1.4143,,1.4143
2007-10-10,15.9,11.4,1.1032,2.2,1.1032
2007-10-11,15.2,7.9,1.3199,0.3,1.3199
2007-10-12,16.9,5.4,1.7045,0,1.7045
2007-10-13,17.8,3,1.9518,0,1.9518
2007-10-14,17.8,3,1.9296,0,1.9296
2007-10-15,12.6,5.1,1.1583,6.4,0.1083
2007-10-16,12.6,5.1,1.1436,6.4,0.0936
2007-10-17,11.6,6.2,0.9389,4,0.9389
2007-10-18,8.7,6.6,0.5809,16.4,-7.9691
2007-10-19,11.9,6.8,0.9018,22.8,-12.4482
2007-10-20,10.9,7.5,0.7265,2.4,0.7265
2007-10-21,11.1,7.8,0.7139,16.2,-7.6861
2007-10-22,13.1,8.4,0.8735,27.4,-15.9265
2007-10-23,20.6,10.7,1.569,0,1.569
2007-10-24,15.9,6.4,1.2982,7.8,-0.8018
2007-10-25,11.7,1.9,1.1191,0,1.1191
2007-10-26,12.5,0.3,1.2676,0,1.2676
2007-10-27,12.4,1.4,1.1857,,1.1857
2007-10-28,9.9,6.5,0.6302,0.2,0.6302
2007-10-29,11.9,2.9,1.0289,3.6,1.0289
2007-10-30,11.4,1.2,1.0609,0,1.0609
2007-10-31,9.2,1.1,0.8601,0,0.8601
2007-11-01,10.5,1,0.9658,0,0.9658
2007-11-02,8,-1.4,0.8609,,0.8609
2007-11-03,12,4.9,0.8646,12.1,-4.4604
2007-11-04,12.3,3.3,0.9696,3,0.9696
2007-11-05,13.5,1.8,1.1445,0,1.1445
2007-11-06,10.3,3.2,0.7812,3.6,0.7812
2007-11-07,11,7.8,0.5643,3.8,0.5643
2007-11-08,11.4,9.4,0.4868,4.8,0.4868
2007-11-09,14.6,7.8,0.8644,6.2,-0.0356
2007-11-10,13.8,4.1,0.9916,3.6,0.9916
2007-11-11,11.7,5.5,0.7266,0,0.7266
2007-11-12,14.3,6.6,0.8775,4.9,0.8775
2007-11-13,10.9,3.2,0.7653,0,0.7653
2007-11-14,8.5,2.4,0.616,1.8,0.616
2007-11-15,12.9,5.6,0.7852,12.9,-5.1398
2007-11-16,11.2,7.7,0.5281,13,-5.4719
2007-11-17,9.1,4.8,0.5228,5,0.5228
2007-11-18,9.1,0.2,0.7294,0,0.7294
2007-11-19,3.7,-1.5,0.4452,1.7,0.4452
2007-11-20,6.8,-1.1,0.6132,0,0.6132
2007-11-21,6.5,-2.5,0.6428,0,0.6428
2007-11-22,7.4,-3.1,0.7187,0,0.7187
2007-11-23,6.2,-3.7,0.657,0,0.657
2007-11-24,5,-2.8,0.545,0,0.545
2007-11-25,7.9,-0.8,0.644,0.4,0.644
2007-11-26,3.1,-0.6,0.3533,32.4,-20.1967
2007-11-27,6.4,0.4,0.493,0.4,0.493
2007-11-28,3.4,1.8,0.2842,4.6,0.2842
2007-11-29,7.2,0.1,0.5446,0,0.5446
2007-11-30,3.6,0.5,0.3291,0,0.3291
2007-12-01,-0.7,-4.4,1.1686,2.7,1.1686
2007-12-02,0.3,-4.5,0.4184,42,-27.3316
2007-12-03,15.4,0.1,0.4963,42.5,-27.6287
2007-12-04,15.2,9.5,1.0864,33,-19.9136
2007-12-05,9.9,2.8,0.8622,0.6,0.8622
2007-12-06,7.8,0.6,0.5366,0,0.5366
2007-12-07,4.5,-0.1,0.7031,0,0.7031
2007-12-08,3.1,-4.7,0.6104,0,0.6104
2007-12-09,-0.2,-0.9,0.2172,,0.2172
2007-12-10,4.4,-4.2,0.5056,0,0.5056
2007-12-11,3.4,-2.2,0.3863,1,0.3863
2007-12-12,4.8,0.6,0.3605,0.4,0.3605
2007-12-13,3.2,0.9,0.2795,11.7,-4.7455
2007-12-14,4.5,1.7,0.309,6.5,-0.816
2007-12-15,7.7,3.3,0.4097,4.6,0.4097
2007-12-16,10.3,3.7,0.5455,0.2,0.5455
2007-12-17,7.5,0.4,0.5072,2.6,0.5072
2007-12-18,3.2,0.2,0.2964,10.3,-3.6786
2007-12-19,7.9,1.9,0.4721,9.4,-2.8279
2007-12-20,6.4,1.2,0.4155,0.2,0.4155
2007-12-21,2.8,-3.2,0.3826,1.4,0.3826
2007-12-22,7.2,0.4,0.4892,21.8,-12.1108
2007-12-23,7.7,3.4,0.4042,9.8,-3.1958
2007-12-24,7.8,0.2,0.5325,,0.5325
2007-12-25,4.9,0.2,0.3754,7.4,-1.4246
2007-12-26,4.3,0.2,0.3471,3.9,0.3471
2007-12-27,1.7,-0.5,0.2591,16.3,-8.2159
2007-12-28,5.2,0.2,0.3934,12.8,-5.4566
2007-12-29,4.4,0.6,0.3418,1.2,0.3418
2007-12-30,5.9,1.4,0.3898,,0.3898
2007-12-31,4.8,0.8,0.357,0,0.357
2008-01-01,6.2,1.2,0.4162,0,0.4162
2008-01-02,10.1,3.4,0.5608,2.5,0.5608
2008-01-03,10.9,3.4,0.6162,2.5,0.6162
2008-01-04,10.6,4.8,0.5381,4,0.5381
2008-01-05,10.3,4.5,0.5351,0,0.5351
2008-01-06,6,0.6,0.4394,0.6,0.4394
2008-01-07,5.4,0.8,0.4023,,0.4023
2008-01-08,3.6,0.3,0.3319,9.4,-2.9681
2008-01-09,5.5,1.1,0.4023,16.4,-8.1477
2008-01-10,3.7,0.4,0.3382,53.5,-36.0368
2008-01-11,8.4,3,0.5017,18.3,-9.4733
2008-01-12,7.9,3.5,0.4539,8.8,-2.3961
2008-01-13,8.6,3.4,0.5055,0.4,0.5055
2008-01-14,7.5,2.5,0.4799,33.6,-20.9701
2008-01-15,3.1,-3,0.4421,0,0.4421
2008-01-16,0.9,-2.9,0.331,0,0.331
2008-01-17,1.9,-1.5,0.3359,0,0.3359
2008-01-18,3,-1.9,0.41,,0.41
2008-01-19,1.6,0.4,0.2678,11.5,-4.6072
2008-01-21,4.4,-3.7,0.5708,0,0.5708
2008-01-22,3.8,-6.2,0.6285,0,0.6285
2008-01-23,5,-5.8,0.6963,0,0.6963
2008-01-24,4.7,-4.6,0.6409,0,0.6409
2008-01-25,5.2,-6.7,0.7551,0,0.7551
2008-01-26,3.3,-2.9,0.5037,5.8,-0.0963
2008-01-27,3,-3.9,0.5293,0.5,0.5293
2008-01-28,-1,-6.7,0.4085,0.3,0.4085
2008-01-29,2.6,-7.3,0.6382,9.4,-2.6618
2008-01-31,5.2,0.6,0.5083,1.2,0.5083
2008-02-01,5.4,0.2,0.5468,5,0.5468
2008-02-02,4.3,-0.1,0.4929,2,0.4929
2008-02-03,5.1,-2.6,0.664,0,0.664
2008-02-04,3.3,-4.9,0.6417,1.5,0.6417
2008-02-05,6.8,0.5,0.6642,13.6,-5.7858
2008-02-06,5.4,2.1,0.4869,5.7,-0.0381
2008-02-07,8.9,3.6,0.6856,1.6,0.6856
2008-02-08,8.5,4.1,0.632,,0.632
2008-02-09,9.6,3.9,0.7469,10.5,-3.3781
2008-02-10,9.3,1.8,0.8491,6.6,-0.3509
2008-02-11,5.8,2,0.5571,8.3,-1.9179
2008-02-12,9.7,3.8,0.7924,4.3,0.7924
2008-02-13,8,-0.7,0.8998,0,0.8998
2008-02-14,6.4,-1.7,0.8255,0.2,0.8255
2008-02-15,5,3,0.4581,7.4,-1.3419
2008-02-16,7.1,2.6,0.6719,1.8,0.6719
2008-02-17,10.2,0.7,1.0765,0,1.0765
2008-02-18,13.4,-1.4,1.5203,0,1.5203
2008-02-19,12.2,-1.2,1.403,0,1.403
2008-02-20,11.3,3.1,1.0883,0.6,1.0883
2008-02-21,13.1,1.2,1.4041,0,1.4041
2008-02-22,14.3,3.7,1.4053,,1.4053
2008-02-23,13.2,4.4,1.2536,0,1.2536
2008-02-24,14.4,-0.9,1.7162,0,1.7162
2008-02-25,12.6,-0.2,1.4969,0,1.4969
2008-02-26,12.8,1.9,1.4169,0,1.4169
2008-02-27,10,5.6,0.8626,3,0.8626
2008-02-28,13,6.8,1.1311,,1.1311
2008-03-01,10.2,4.2,1.0319,1.7,1.0319
2008-03-02,9.3,1.9,1.1076,,1.1076
2008-03-03,6.5,3.5,0.6914,9.2,-2.4586
2008-03-04,10.3,1.9,1.2489,0,1.2489
2008-03-05,12.9,-1.6,1.777,0,1.777
2008-03-06,11.9,0.1,1.5814,0,1.5814
2008-03-07,10.8,5.1,1.1131,2.2,1.1131
2008-03-08,12.3,3.8,1.4205,4.9,1.4205
2008-03-09,12.3,4,1.4223,0,1.4223
2008-03-10,13.8,6.9,1.3994,7,-0.1006
2008-03-11,9.1,4,1.0451,2.8,1.0451
2008-03-12,10.1,-1.1,1.5447,0,1.5447
2008-03-13,6.8,3.9,0.7803,1.2,0.7803
2008-03-14,7.1,4.3,0.7883,10,-2.9617
2008-03-15,9.1,4.5,1.0493,0.7,1.0493
2008-03-16,7.8,-0.3,1.2827,5.7,0.7577
2008-03-17,7.3,3,0.9734,8.6,-1.7266
2008-03-18,10.4,2.6,1.4295,0.4,1.4295
2008-03-19,10.1,2.8,1.3886,1.6,1.3886
2008-03-20,9.8,2.9,1.3546,6,0.6046
2008-03-21,9.2,1.7,1.3865,6.2,0.4865
2008-03-22,12.2,1,1.8629,0,1.8629
2008-03-23,10.8,2.6,1.5645,8.6,-1.1355
2008-03-24,10.2,1.7,1.5688,0.2,1.5688
2008-03-25,8.7,0.8,1.4491,0.4,1.4491
2008-03-26,9.2,1,1.5167,11.3,-3.2083
2008-03-27,7.7,0.2,1.3898,0.2,1.3898
2008-03-28,5.4,-0.6,1.1627,1.8,1.1627
2008-03-29,4.6,0.2,0.9993,8.6,-1.7007
2008-03-30,8.8,0.2,1.5837,,1.5837
2008-03-31,8.3,0.1,1.5365,0.2,1.5365
2008-04-01,8.9,-3.5,1.8768,0,1.8768
2008-04-02,11.6,-2.6,2.2211,0,2.2211
2008-04-03,12.4,-1.4,2.2851,0,2.2851
2008-04-05,11.2,4.6,1.6427,,1.6427
2008-04-06,10.7,4.6,1.5735,13.4,-4.7265
2008-04-07,11.5,4.6,1.7226,4.2,1.7226
2008-04-08,8.6,3.5,1.3713,1.6,1.3713
2008-04-09,10.6,2.3,1.8304,1.1,1.8304
2008-04-10,12.2,4,1.9494,0.8,1.9494
2008-04-11,14.5,3.3,2.4275,0,2.4275
2008-04-12,24.5,7,4.0228,0,4.0228
2008-04-13,13.9,6.8,1.9965,0.3,1.9965
2008-04-14,12.1,5,1.8876,0.5,1.8876
2008-04-15,10.4,3.2,1.7965,3.9,1.7965
2008-04-16,11.3,5.2,1.7463,,1.7463
2008-04-17,14.4,6.7,2.1674,,2.1674
2008-04-18,6.9,0.9,1.4843,10.2,-2.4157
2008-04-19,7.7,0.6,1.6548,0,1.6548
2008-04-20,9.5,1,1.9263,0,1.9263
2008-04-21,10.6,0.6,2.1601,0,2.1601
2008-04-22,14,-0.7,2.8619,0,2.8619
2008-04-23,11.3,5.7,1.7705,,1.7705
2008-04-24,11.8,6.1,1.8283,0.2,1.8283
2008-04-25,12.8,3.2,2.369,0,2.369
2008-04-26,19.6,1.3,3.8529,0,3.8529
2008-04-27,16.6,9.5,2.4097,,2.4097
2008-04-28,13.7,7.7,2.0484,9.7,-1.4766
2008-04-29,12,4.3,2.1544,5,2.1544
2008-04-30,12.6,4.1,2.3065,0.7,2.3065
2008-05-01,12.3,6.1,2.0127,,2.0127
2008-05-02,15.7,4.1,2.9476,,2.9476
2008-05-03,12.6,7.7,1.8619,3,1.8619
2008-05-04,17,4.7,3.1848,0,3.1848
2008-05-05,18.3,5.6,3.383,0,3.383
2008-05-06,15.2,7,2.5702,0,2.5702
2008-05-07,14.6,7.9,2.3251,0,2.3251
2008-05-08,12.8,5.6,2.2623,0.2,2.2623
2008-05-09,16.2,3.4,3.2233,0,3.2233
2008-05-10,12.4,8.7,1.7007,10.3,-2.2743
2008-05-11,13.1,6.9,2.1775,3.6,2.1775
2008-05-12,13.6,5.2,2.5256,,2.5256
2008-05-13,11.1,8.5,1.4236,12,-3.8264
2008-05-14,15.4,9.2,2.3841,12.1,-2.9409
2008-05-15,21.7,12.1,3.5028,0,3.5028
2008-05-16,29.5,9.9,5.7755,0,5.7755
2008-05-17,30.6,13.6,5.6508,0,5.6508
2008-05-18,23.9,11.7,4.1648,0,4.1648
2008-05-19,19.1,13.4,2.6291,2.2,2.6291
2008-05-20,15.1,10.3,2.1634,9.4,-1.1366
2008-05-21,14.4,9.1,2.2134,2,2.2134
2008-05-22,16.5,8.8,2.7885,,2.7885
2008-05-23,22.3,6.3,4.4861,0,4.4861
2008-05-24,25.5,10,4.8752,,4.8752
2008-05-25,23.9,14.2,3.8691,2.4,3.8691
2008-05-26,19.3,12.8,2.862,0.4,2.862
2008-05-27,21.9,13.2,3.5106,0,3.5106
2008-05-28,22.2,12.1,3.7805,0,3.7805
2008-05-29,13.6,8,2.2561,,2.2561
2008-05-30,17.8,6.2,3.5107,0,3.5107
2008-05-31,20.4,5.4,4.2141,,4.2141
2008-06-01,14.2,10.7,1.896,1.9,1.896
2008-06-02,14.8,10.5,2.1153,,2.1153
2008-06-03,12.3,10,1.501,21.5,-10.874
2008-06-05,11,8.9,1.3895,11,-3.1105
2008-06-06,14.9,7.3,2.7221,8.3,0.2471
2008-06-07,15.5,9.8,2.4622,0.4,2.4622
2008-06-08,14.6,8.4,2.4807,0,2.4807
2008-06-09,12.8,6.1,2.4118,24.9,-12.5132
2008-06-10,12.6,6,2.3824,,2.3824
2008-06-11,13.5,9.8,1.9254,0.2,1.9254
2008-06-12,18.9,10.3,3.282,0,3.282
2008-06-13,18.9,10.5,3.2521,,3.2521
2008-06-14,19,6.7,3.8093,0,3.8093
2008-06-15,20.8,6.3,4.2917,0,4.2917
2008-06-16,22.2,7.2,4.5366,0,4.5366
2008-06-17,17.3,10.1,2.9043,0.3,2.9043
2008-06-18,16.9,9,2.9826,1.6,2.9826
2008-06-19,20.1,7.7,3.9607,,3.9607
2008-06-20,26.1,12.9,4.8237,0,4.8237
2008-06-21,25.1,12.8,4.563,,4.563
2008-06-22,19.1,9.3,3.4939,0,3.4939
2008-06-23,20.4,5.8,4.2499,0,4.2499
2008-06-24,21.6,9.3,4.1263,0,4.1263
2008-06-25,22.7,7.7,4.5984,0,4.5984
2008-06-26,17.6,10.9,2.8364,,2.8364
2008-06-27,25.6,9.1,5.1693,,5.1693
2008-06-28,32.4,12.3,6.6205,0,6.6205
2008-06-29,33.2,15.4,6.4456,0,6.4456
2008-06-30,29.9,18,5.0655,0,5.0655
2008-07-01,25.2,14.4,4.3058,0,4.3058
2008-07-02,30.2,12.8,5.9206,0.4,5.9206
2008-07-03,18,15,,6.2,
2008-07-04,21,15,,,
2008-07-05,21,14,,0.4,
2008-07-06,20,14,,,
2008-07-07,23,11,,,
2008-07-08,25,12,,,
2008-07-09,24,13,,,
2008-07-10,20.4,12,3.3291,0,3.3291
2008-07-11,26.1,7.9,5.318,0,5.318
2008-07-12,28.6,9.7,5.7538,0,5.7538
2008-07-13,27.9,11.3,5.3706,0,5.3706
2008-07-14,25.3,11.7,4.6241,0,4.6241
2008-07-16,25.3,10.9,4.7035,0,4.7035
2008-07-17,23.2,11.3,4.0985,0,4.0985
2008-07-18,22.1,11.7,3.7461,0,3.7461
2008-07-19,24.4,11.3,4.38,0,4.38
2008-07-20,25.8,9.8,4.9068,0,4.9068
2008-07-21,25.6,11.5,4.6318,0,4.6318
2008-07-22,20.4,12.8,3.0788,0,3.0788
2008-07-23,19.1,13.2,2.6436,0,2.6436
2008-07-24,25.6,13.4,4.324,0,4.324
2008-07-25,24.8,11,4.4286,0,4.4286
2008-07-26,22.4,11.7,3.7168,0,3.7168
2008-07-27,23.2,14.4,3.4859,0,3.4859
2008-07-28,24.4,7.9,4.6361,0,4.6361
2008-07-29,17.6,13.2,2.1686,6,1.4186
2008-07-30,20.4,8.9,3.5475,0,3.5475
2008-07-31,17.1,8.7,2.7969,5.2,2.6469
2008-08-01,22.4,11.9,3.5937,1.2,3.5937
2008-08-02,21.6,12.8,3.2428,0,3.2428
2008-08-05,32.4,12.6,5.9198,0,5.9198
2008-08-06,32.1,14.2,5.6298,0,5.6298
2008-08-07,28.3,14.7,4.565,0,4.565
2008-08-08,22.5,13.5,3.2582,0,3.2582
2008-08-09,20.4,12.7,2.849,32.8,-18.001
2008-08-10,21.5,13.2,3.0226,2.9,3.0226
2008-08-11,24.2,10.9,3.9606,0,3.9606
2008-08-12,24.5,11.8,3.8977,,3.8977
2008-08-13,27.3,15,4.1278,0,4.1278
2008-08-14,32.1,13.8,5.4425,0,5.4425
2008-08-15,32.9,17.1,5.2104,0,5.2104
2008-08-16,32.6,15.2,5.341,0,5.341
2008-08-17,30.3,17.1,4.4853,,4.4853
2008-08-18,21.8,16,2.475,1,2.475
2008-08-19,21.6,14.9,2.607,7.4,0.807
2008-08-20,17.4,13.9,1.7192,20.8,-10.1308
2008-08-21,20.5,12,2.7639,6.8,1.4139
2008-08-22,23.7,10.9,3.5871,0,3.5871
2008-08-23,27.1,14.1,3.9411,,3.9411
2008-08-24,18.7,14.2,1.9363,26,-13.8137
2008-08-25,20.2,12.5,2.5479,0,2.5479
2008-08-26,18.9,11.4,2.4025,11.6,-2.5475
2008-08-27,19.3,11.4,2.4689,0.6,2.4689
2008-08-28,16.5,12.8,1.6125,15.5,-6.2625
2008-08-29,20.6,14.1,2.3186,15.8,-5.7814
2008-08-30,17.9,9.1,2.417,0,2.417
2008-08-31,18.9,7.9,2.7216,,2.7216
2008-09-01,17.4,8.2,2.3843,0,2.3843
2008-09-02,18.9,7.5,2.7176,,2.7176
2008-09-03,20.4,7.7,2.9556,0,2.9556
2008-09-04,21.6,8.2,3.1095,0,3.1095
2008-09-05,19.3,10.6,2.3887,0,2.3887
2008-09-06,22.8,13.5,2.7091,0,2.7091
2008-09-07,27.1,11.1,3.8236,0,3.8236
2008-09-08,25.2,8.4,3.6666,0,3.6666
2008-09-09,20.1,10.4,2.4765,,2.4765
2008-09-10,23.4,6.4,3.4359,0,3.4359
2008-09-11,24.5,8.7,3.414,0,3.414
2008-09-12,21.9,9,2.8774,0,2.8774
2008-09-13,24.3,7.1,3.4517,0,3.4517
2008-09-14,25.5,7.9,3.5746,0,3.5746
2008-09-15,27.4,8.4,3.8547,0,3.8547
2008-09-16,28.8,9.7,3.9768,0,3.9768
2008-09-17,23.8,9.5,3.0342,0,3.0342
2008-09-18,16,10.6,1.5345,,1.5345
2008-09-19,16.1,13.2,1.1688,,1.1688
2008-09-20,13.7,11.7,0.9292,13.5,-5.4458
2008-09-21,17.6,11.4,1.663,,1.663
2008-09-22,16.1,7.1,1.8479,1.4,1.8479
2008-09-23,17.1,3.8,2.2423,0,2.2423
2008-09-24,13.8,11.7,0.909,2.1,0.909
2008-09-25,14.7,8.7,1.4241,5,1.4241
2008-09-26,20.3,9.1,2.2357,0,2.2357
2008-09-27,19.1,10.8,1.8605,0,1.8605
2008-09-29,25.4,6.9,3.1465,0,3.1465
2008-09-30,24.2,9.6,2.7121,0,2.7121
2008-10-01,22.9,10.1,2.434,0,2.434
2008-10-02,18.3,11.1,1.6043,0.6,1.6043
2008-10-03,16,12.1,1.1219,6.9,-0.3031
2008-10-04,18.2,10.9,1.5711,9.6,-1.8789
2008-10-05,15.9,6.1,1.6443,0,1.6443
2008-10-06,13.8,7.5,1.2366,9.4,-2.0634
2008-10-07,15.7,8.1,1.4196,7.7,-0.6054
2008-10-08,13.6,2.9,1.5229,0,1.5229
2008-10-09,12.1,1.2,1.4364,,1.4364
2008-10-10,14.7,-0.1,1.7942,0,1.7942
2008-10-11,13.9,0.2,1.6638,0,1.6638
2008-10-12,15.3,5.3,1.4937,,1.4937
2008-10-13,12.8,9.1,0.8692,20,-10.3808
2008-10-14,12.8,2.9,1.3267,0,1.3267
2008-10-15,12.3,-0.4,1.4454,1.4,1.4454
2008-10-16,10.4,6.6,0.7753,6.2,-0.1247
2008-10-17,14.4,10.8,0.8618,14.9,-6.5632
2008-10-18,12.8,3.4,1.2318,0,1.2318
2008-10-19,12.5,0.5,1.3515,0,1.3515
2008-10-20,13.8,6.4,1.1127,1.8,1.1127
2008-10-21,13.2,1.4,1.3426,0,1.3426
2008-10-22,17.1,4.2,1.5886,,1.5886
2008-10-23,12.6,3.8,1.1125,1,1.1125
2008-10-24,10.5,4.5,0.8497,,0.8497
2008-10-25,12.8,3.3,1.1338,0.6,1.1338
2008-10-26,14.4,4.1,1.2341,0,1.2341
2008-10-27,16.5,3.4,1.4784,0,1.4784
2008-10-28,16,1.7,1.5013,0,1.5013
2008-10-29,14.6,5.1,1.151,0,1.151
2008-10-30,12.1,7.9,0.7137,2.9,0.7137
2008-10-31,13.1,10.5,0.6086,12.2,-4.7914
2008-11-01,15.2,9.8,0.8652,1.6,0.8652
2008-11-02,13.7,6.6,0.9199,41.5,-26.4551
2008-11-03,8.4,6.9,0.4274,8,-1.8226
2008-11-04,8.9,6.3,0.499,19,-10.001
2008-11-05,10.3,0.6,0.9121,0.2,0.9121
2008-11-06,7.5,5.6,0.4227,33.9,-21.2523
2008-11-07,10.3,6.5,0.5793,33,-20.4207
2008-11-08,13.6,8.4,0.7362,10.1,-3.0888
2008-11-09,11.7,8,0.589,5.9,-0.086
2008-11-10,13.1,7.1,0.7534,10.5,-3.3716
2008-11-11,9.7,6.8,0.4897,15.1,-7.0853
2008-11-12,13.9,7.7,0.7694,23.2,-12.8806
2008-11-13,10.8,1.9,0.8119,0,0.8119
2008-11-14,8.4,2.8,0.5831,0.2,0.5831
2008-11-15,12.3,5.8,0.7176,,0.7176
2008-11-16,14.5,5.6,0.9013,0,0.9013
2008-11-17,11.6,6.3,0.6219,0,0.6219
2008-11-18,11.9,2.7,0.8175,,0.8175
2008-11-19,13.3,3,0.906,0,0.906
2008-11-20,11.6,3.8,0.7269,1.2,0.7269
2008-11-21,10.3,1.5,0.7304,0.7,0.7304
2008-11-22,9.2,1.7,0.6379,,0.6379
2008-11-23,9.3,-0.2,0.7198,0,0.7198
2008-11-24,9.1,1,0.6497,0,0.6497
2008-11-25,10.3,0.9,0.7312,2.6,0.7312
2008-11-26,8.1,-1.3,0.6663,0,0.6663
2008-11-27,7.3,1.2,0.511,0.6,0.511
2008-11-28,7.3,5,0.3545,18.6,-9.8455
2008-11-29,8.6,6.9,0.3464,22.2,-12.5536
2008-11-30,10.6,7.7,0.4216,1.6,0.4216
2008-12-01,11.6,5,0.609,5.8,0.009
2008-12-02,10.5,5,0.5313,1.6,0.5313
2008-12-03,8.4,1.1,0.5598,,0.5598
2008-12-04,6.8,-1.1,0.5448,0,0.5448
2008-12-05,6.9,-0.1,0.5102,0,0.5102
2008-12-06,7.6,5.2,0.3448,4.2,0.3448
2008-12-07,11.1,6.2,0.5014,10,-3.2486
2008-12-08,7.7,5.2,0.3465,0.6,0.3465
2008-12-09,7.1,4.6,0.3372,9.5,-3.0378
2008-12-10,8,5.6,0.3442,3,0.3442
2008-12-11,8.5,0.5,0.5689,0,0.5689
2008-12-12,6,0.5,0.424,16.2,-7.976
2008-12-13,3.6,-5.4,0.4958,0.8,0.4958
2008-12-14,-2.8,-5.9,0.2289,0,0.2289
2008-12-15,-3.9,-7.5,0.2274,0,0.2274
2008-12-16,-2,-9.1,0.3372,0,0.3372
2008-12-17,-1.2,-5.7,0.2811,9.4,-3.0189
2008-12-18,-3.8,-6.8,0.2147,0,0.2147
2008-12-19,-5.9,-10.2,0.2194,0,0.2194
2008-12-20,-7.2,-15.3,0.2801,0,0.2801
2008-12-21,-2.3,-15.3,0.4716,5.1,0.3966
2008-12-22,0.5,-5,0.3322,1.4,0.3322
2008-12-23,-3.9,-12.4,0.3403,0,0.3403
2008-12-24,-2,-9,0.3353,22.8,-13.0147
2008-12-29,4.6,0.9,0.3426,14.4,-6.7074
2008-12-30,2.8,-1.4,0.3342,1.4,0.3342
2008-12-31,6.2,0.8,0.4309,2,0.4309
